title,title_jp,title_cn,year,genre,mal_score,mal_rank,mal_votes,mal_percentile,imdb_score,imdb_rank,imdb_votes,imdb_percentile,bgm_score,bgm_rank,bgm_votes,bgm_percentile
Sousou no Frieren,葬送のフリーレン,葬送的芙莉莲,2023,Adventure|Drama|Fantasy|Comedy,9.28,1,822827,100.0,8.9,12.0,67529.0,92.67,8.5,20.0,33670.0,84.43
Sousou no Frieren 2nd Season,葬送のフリーレン 第2期,胆大党 第二季,2026,Adventure|Drama|Fantasy|History,9.16,2,61631,99.5,8.3,107.0,1303.0,29.33,7.3,116.0,8024.0,5.74
Fullmetal Alchemist: Brotherhood,鋼の錬金術師 FULLMETAL ALCHEMIST,钢之炼金术师 FULLMETAL ALCHEMIST,2009,Action|Adventure|Drama|Fantasy,9.11,3,2289821,99.0,,,,,8.8,4.0,23827.0,97.54
Steins;Gate,STEINS;GATE,命运石之门,2011,Drama|Sci-Fi|Suspense|Comedy,9.07,4,1507894,98.5,8.8,16.0,90568.0,90.0,8.8,5.0,38355.0,96.72
Shingeki no Kyojin Season 3 Part 2,進撃の巨人 Season3 Part.2,进击的巨人 第三季 Part.2,2019,Action|Drama|Suspense|Adventure,9.05,5,1772354,98.0,8.1,134.0,21994.0,11.33,8.7,12.0,22065.0,90.98
Gintama°,銀魂°,,2015,Action|Comedy|Sci-Fi,9.05,6,270710,97.5,8.7,30.0,20494.0,80.67,,,,
Hunter x Hunter (2011),HUNTER×HUNTER（ハンター×ハンター）,猎人,2011,Action|Adventure|Fantasy|Short,9.03,7,1957469,97.0,8.3,104.0,1970.0,31.33,8.2,42.0,6212.0,66.39
Gintama',銀魂',银魂',2011,Action|Comedy|Sci-Fi,9.02,8,255632,96.5,8.7,23.0,20494.0,85.33,8.7,11.0,13275.0,91.8
Gintama': Enchousen,銀魂' 延長戦,,2012,Action|Comedy|Sci-Fi,9.02,9,178220,96.0,8.7,37.0,20494.0,76.0,,,,
Gintama.,銀魂。,,2017,Action|Comedy|Sci-Fi,8.98,10,158940,95.5,8.7,28.0,20494.0,82.0,,,,
Bleach: Sennen Kessen-hen,BLEACH 千年血戦篇,,2022,Action|Adventure|Supernatural,8.98,11,372222,95.0,9.0,7.0,73289.0,96.0,,,,
Kaguya-sama wa Kokurasetai: Ultra Romantic,かぐや様は告らせたい-ウルトラロマンティック-,辉夜大小姐想让我告白-超级浪漫-,2022,Comedy|Romance|Action|Adventure,8.96,12,625363,94.5,7.7,146.0,13938.0,3.33,8.3,35.0,22038.0,72.13
Fruits Basket: The Final,フルーツバスケット The Final,进击的巨人 最终季,2021,Drama|Romance|Supernatural|Comedy,8.94,13,276961,94.0,8.5,54.0,12983.0,64.67,7.7,89.0,14352.0,27.87
Clannad: After Story,CLANNAD〜AFTER STORY〜 クラナド アフターストーリー,,2008,Drama|Romance|Crime,8.93,15,696419,93.0,8.9,9.0,468861.0,94.67,9.2,1.0,30021.0,100.0
Gintama,銀魂,银魂,2006,Action|Comedy|Sci-Fi|Drama,8.93,14,421702,93.5,8.5,53.0,8862.0,65.33,8.7,9.0,13384.0,93.44
Kusuriya no Hitorigoto 2nd Season,薬屋のひとりごと 第2期,药屋少女的呢喃 第二季,2025,Drama|Mystery|History,8.91,16,241835,92.5,8.6,50.0,22476.0,67.33,7.5,101.0,6376.0,18.03
Code Geass: Hangyaku no Lelouch R2,コードギアス 反逆のルルーシュ R2,Code Geass 反叛的鲁路修R2,2008,Award Winning|Drama|Sci-Fi|Action,8.91,17,1287478,92.0,8.7,36.0,101012.0,76.67,8.3,28.0,17817.0,77.87
3-gatsu no Lion 2nd Season,3月のライオン 第2シリーズ,3月的狮子 第二季,2017,Drama|Adventure|Comedy,8.9,18,214016,91.5,8.7,35.0,1013.0,77.33,8.8,6.0,10099.0,95.9
Monster,モンスター,,2004,Drama|Mystery|Suspense|Crime,8.89,19,502668,91.0,8.7,34.0,67444.0,78.0,,,,
Gintama. Shirogane no Tamashii-hen - Kouhan-sen,銀魂. 銀ノ魂篇 後半戦,,2018,Action|Comedy|Sci-Fi,8.88,20,106306,90.5,,,,,,,,
Kusuriya no Hitorigoto,薬屋のひとりごと,药屋少女的呢喃,2023,Drama|Mystery|History,8.85,21,452771,90.0,8.6,49.0,22476.0,68.0,7.5,103.0,10773.0,16.39
Kingdom 3rd Season,キングダム 第3シリーズ,,2020,Action|Adventure,8.84,22,54370,89.5,8.3,102.0,8449.0,32.67,,,,
Vinland Saga Season 2,ヴィンランド・サガ SEASON2,冰海战记 第二季,2023,Action|Adventure|Drama,8.82,23,469696,89.0,8.3,100.0,51454.0,34.0,8.1,54.0,7577.0,56.56
Gintama. Shirogane no Tamashii-hen,銀魂. 銀ノ魂篇,,2018,Action|Comedy|Sci-Fi|Adventure|Drama,8.81,24,115162,88.5,8.4,89.0,19.0,41.33,,,,
Mob Psycho 100 II,モブサイコ100 II,灵能百分百 第二季,2019,Action|Comedy|Supernatural,8.78,28,1078547,86.5,8.5,66.0,64638.0,56.67,8.1,56.0,14506.0,54.92
Shingeki no Kyojin: The Final Season,進撃の巨人 The Final Season,进击的巨人 最终季 Part.2,2021,Action|Drama|Suspense,8.78,27,1503457,87.0,,,,,7.7,87.0,12338.0,29.51
Vinland Saga,ヴィンランド・サガ,冰海战记,2019,Action|Adventure|Drama,8.78,26,1044428,87.5,8.8,19.0,128976.0,88.0,8.3,30.0,12514.0,76.23
Hajime no Ippo,はじめの一歩 THE FIGHTING!,,2000,Sports|Action|Comedy,8.78,25,338326,88.0,8.8,20.0,17151.0,87.33,,,,
Haikyuu!! Karasuno Koukou vs. Shiratorizawa Gakuen Koukou,ハイキュー!! 烏野高校 VS 白鳥沢学園高校,排球少年 乌野高校 VS 白鸟泽学园高校,2016,Sports|Comedy|Fantasy,8.77,29,867950,86.0,8.3,93.0,15253.0,38.67,8.4,21.0,6382.0,83.61
Shingeki no Kyojin: The Final Season Part 2,進撃の巨人 The Final Season Part 2,进击的巨人 最终季 完结篇 前篇,2022,Action|Drama|Suspense,8.77,30,916347,85.5,,,,,7.7,83.0,10010.0,32.79
Monogatari Series: Second Season,〈物語〉シリーズ セカンドシーズン,物语系列 第二季,2013,Comedy|Mystery|Romance|Supernatural|Adventure,8.76,31,378429,85.0,8.6,47.0,3697.0,69.33,8.2,38.0,12595.0,69.67
Boku no Hero Academia: Final Season,僕のヒーローアカデミア FINAL SEASON,彻夜之歌 第二季,2025,Action,8.73,32,137246,84.5,,,,,7.7,85.0,5109.0,31.15
Kingdom 5th Season,キングダム 第5シリーズ,,2024,Action|Comedy,8.73,33,27665,84.0,8.5,65.0,181.0,57.33,,,,
Bocchi the Rock!,ぼっち・ざ・ろっく！,孤独摇滚！,2022,Comedy|Drama,8.73,34,467344,83.5,8.3,97.0,8252.0,36.0,8.4,24.0,38224.0,81.15
Kingdom 4th Season,キングダム 第4シリーズ,,2022,Action|Comedy,8.73,35,39901,83.0,8.5,70.0,181.0,54.0,,,,
Hibike! Euphonium 3,響け！ユーフォニアム3,,2024,Drama|History,8.72,36,37805,82.5,8.4,79.0,6208.0,48.0,,,,
Mushishi Zoku Shou 2nd Season,蟲師 続章,,2014,Adventure|Mystery|Slice of Life|Supernatural|Drama|Fantasy,8.72,37,115915,82.0,8.8,17.0,3604.0,89.33,,,,
86 Part 2,86―エイティシックス―,86 -不存在的战区-,2021,Drama|Sci-Fi|Action,8.72,38,367017,81.5,8.2,123.0,14019.0,18.67,7.6,99.0,15666.0,19.67
Chi. Chikyuu no Undou ni Tsuite,チ。―地球の運動について―,,2024,Drama|History,8.71,41,111498,80.0,8.4,71.0,6208.0,53.33,,,,
Code Geass: Hangyaku no Lelouch,コードギアス 反逆のルルーシュ,Code Geass 反叛的鲁路修,2006,Award Winning|Drama|Sci-Fi|Action,8.71,42,1510061,79.5,8.7,26.0,101016.0,83.33,8.3,34.0,21319.0,72.95
Mob Psycho 100 III,モブサイコ100 III,灵能百分百 第三季,2022,Action|Comedy|Supernatural,8.71,39,435888,81.0,,,,,8.2,49.0,11182.0,60.66
Jujutsu Kaisen 2nd Season,呪術廻戦 懐玉・玉折／渋谷事変,咒术回战 怀玉･玉折 / 涩谷事变,2023,Action|Supernatural|Adventure,8.71,40,791953,80.5,7.5,148.0,15780.0,2.0,7.2,120.0,9228.0,2.46
Boku no Kokoro no Yabai Yatsu 2nd Season,僕の心のヤバイやつ 第2期,我心里危险的东西 第二季,2024,Comedy|Romance|Drama|History,8.7,43,171231,79.0,8.4,81.0,6208.0,46.67,8.3,32.0,12945.0,74.59
Bleach: Sennen Kessen-hen - Ketsubetsu-tan,BLEACH 千年血戦篇-訣別譚-,,2023,Action|Adventure|Supernatural,8.7,44,227886,78.5,9.0,8.0,73293.0,95.33,,,,
Kimetsu no Yaiba: Yuukaku-hen,鬼滅の刃 遊郭編,鬼灭之刃 游郭篇,2022,Action|Supernatural|Adventure,8.7,45,1100720,78.0,8.6,42.0,219069.0,72.67,7.3,113.0,11686.0,8.2
Kingdom 6th Season,キングダム 第6シリーズ,,2025,Action|Drama|Sci-Fi,8.69,46,15296,77.5,8.7,29.0,24491.0,81.33,,,,
Ikoku Nikki,違国日記,,2026,Drama,8.69,47,10523,77.0,8.8,22.0,302.0,86.0,,,,
Shouwa Genroku Rakugo Shinjuu: Sukeroku Futatabi-hen,昭和元禄落語心中～助六再び篇～,,2017,Drama,8.69,48,69572,76.5,8.4,83.0,1197.0,45.33,,,,
Violet Evergarden,ヴァイオレット・エヴァーガーデン,紫罗兰永恒花园,2018,Drama|Fantasy,8.69,49,1080527,76.0,8.4,90.0,39704.0,40.67,7.6,92.0,21202.0,25.41
Mushishi Zoku Shou,蟲師 続章,,2014,Adventure|Mystery|Slice of Life|Supernatural|Drama|Fantasy,8.68,50,127685,75.5,8.8,14.0,3604.0,91.33,,,,
Uma Musume: Cinderella Gray Part 2,ウマ娘 シンデレラグレイ 第2クール,赛马娘 芦毛灰姑娘,2025,Drama|Sports|Horror,8.67,53,27767,74.0,7.9,141.0,6373.0,6.67,7.5,106.0,8379.0,13.93
Bleach: Sennen Kessen-hen - Soukoku-tan,BLEACH 千年血戦篇-相剋譚-,,2024,Action|Adventure|Supernatural,8.67,52,149949,74.5,9.0,6.0,73293.0,96.67,,,,
Hajime no Ippo: New Challenger,はじめの一歩 新シリーズ,,2009,Sports|Action|Comedy,8.67,51,187543,75.0,8.8,13.0,4498.0,92.0,,,,
Mushishi,蟲師,虫师,2005,Adventure|Mystery|Slice of Life|Supernatural|Drama|Fantasy,8.65,54,296460,73.5,8.5,69.0,16037.0,54.67,8.7,7.0,11438.0,95.08
Tengen Toppa Gurren Lagann,天元突破グレンラガン,天元突破 红莲螺岩,2007,Adventure|Award Winning|Sci-Fi|Action,8.64,55,969265,73.0,8.3,115.0,25839.0,24.0,8.5,19.0,15864.0,85.25
Shigatsu wa Kimi no Uso,四月は君の嘘,四月是你的谎言,2014,Drama|Romance|Comedy,8.64,56,1456764,72.5,8.5,67.0,48589.0,56.0,8.0,59.0,22215.0,52.46
Shingeki no Kyojin Season 3,進撃の巨人 Season3,进击的巨人 第三季,2018,Action|Drama|Suspense|Thriller,8.64,57,1790733,72.0,7.7,147.0,22020.0,2.67,8.3,29.0,19635.0,77.05
Made in Abyss,メイドインアビス,来自深渊,2017,Adventure|Drama|Fantasy|Mystery|Sci-Fi|Action,8.63,58,830147,71.5,8.3,119.0,20608.0,21.33,8.2,46.0,18220.0,63.11
Natsume Yuujinchou Shi,夏目友人帳 肆,夏目友人帐 肆,2012,Slice of Life|Supernatural|Comedy|Sci-Fi,8.63,59,117062,71.0,8.3,111.0,4385.0,26.67,8.0,65.0,6485.0,47.54
Ping Pong the Animation,ピンポン THE ANIMATION,乒乓,2014,Award Winning|Drama|Sports|Sport,8.63,60,202581,70.5,8.6,45.0,6003.0,70.67,8.7,8.0,16583.0,94.26
Odd Taxi,オッドタクシー,奇巧计程车,2021,Award Winning|Drama|Mystery|Suspense|Comedy|Crime,8.63,61,247931,70.0,8.4,92.0,7580.0,39.33,8.5,18.0,20574.0,86.07
Death Note,デスノート,,2006,Supernatural|Suspense|Crime|Drama,8.62,62,2977581,69.5,8.9,11.0,468861.0,93.33,,,,
Haikyuu!! Second Season,ハイキュー!! セカンドシーズン,排球少年 第二季,2015,Sports|Comedy|Fantasy,8.62,63,1020832,69.0,8.3,116.0,15253.0,23.33,8.3,27.0,6942.0,78.69
Natsume Yuujinchou Roku,夏目友人帳 陸,,2017,Slice of Life|Supernatural|Action|Drama,8.61,66,75973,67.5,8.7,33.0,101016.0,78.67,,,,
Kaguya-sama wa Kokurasetai? Tensai-tachi no Renai Zunousen,かぐや様は告らせたい？～天才たちの恋愛頭脳戦～,辉夜大小姐想让我告白?～天才们的恋爱头脑战～,2020,Comedy|Romance|Drama,8.61,67,950784,67.0,8.5,68.0,28175.0,55.33,7.9,72.0,23357.0,41.8
Mushoku Tensei: Isekai Ittara Honki Dasu Part 2,無職転生 ～異世界行ったら本気だす～ 第2クール,无职转生～到了异世界就拿出真本事～ 第2部分,2021,Adventure|Drama|Fantasy|Ecchi|Action,8.61,64,694536,68.5,8.2,127.0,35340.0,16.0,8.3,26.0,23061.0,79.51
Hajime no Ippo: Rising,はじめの一歩 Rising,,2013,Sports|Action|Comedy,8.61,65,162199,68.0,8.7,25.0,4045.0,84.0,,,,
Bungou Stray Dogs 5th Season,文豪ストレイドッグス,,2023,Action|Mystery,8.6,68,118306,66.5,,,,,,,,
Made in Abyss: Retsujitsu no Ougonkyou,メイドインアビス 烈日の黄金郷,来自深渊 烈日的黄金乡,2022,Adventure|Drama|Fantasy|Mystery|Sci-Fi,8.6,69,256728,66.0,,,,,8.3,36.0,12919.0,71.31
Dungeon Meshi,ダンジョン飯,迷宫饭,2024,Adventure|Comedy|Fantasy|Gourmet,8.59,70,290260,65.5,8.0,137.0,13734.0,9.33,7.8,78.0,16659.0,36.89
[Oshi no Ko] 3rd Season,【推しの子】 第3期,【我推的孩子】 第二季,2026,Drama|Adventure,8.58,71,23357,65.0,8.4,86.0,19.0,43.33,7.2,119.0,11574.0,3.28
Jujutsu Kaisen: Shimetsu Kaiyuu - Zenpen,呪術廻戦 「死滅回游 前編」,,2026,Action|Supernatural,8.58,72,59391,64.5,,,,,,,,
Natsume Yuujinchou Shichi,夏目友人帳 漆,,2024,Slice of Life|Supernatural|Action|Fantasy,8.58,73,17790,64.0,6.2,150.0,2512.0,0.67,,,,
JoJo no Kimyou na Bouken Part 5: Ougon no Kaze,ジョジョの奇妙な冒険 黄金の風,JOJO的奇妙冒险 黄金之风,2018,Action|Adventure,8.58,74,772508,63.5,,,,,8.0,58.0,14888.0,53.28
Uma Musume: Cinderella Gray,ウマ娘 シンデレラグレイ,,2025,Drama|Sports|Horror,8.57,78,45543,61.5,7.9,139.0,6373.0,8.0,,,,
Ore dake Level Up na Ken Season 2: Arise from the Shadow,俺だけレベルアップな件 Season 2 -Arise from the Shadow-,我独自升级 第二季 -起于暗影-,2025,Action|Adventure|Fantasy,8.57,77,477263,62.0,8.5,60.0,104977.0,60.67,7.4,109.0,8791.0,11.48
Shingeki no Kyojin,進撃の巨人,进击的巨人,2013,Action|Award Winning|Drama|Suspense|Adventure,8.57,76,3038217,62.5,9.1,5.0,691912.0,97.33,8.2,44.0,29815.0,64.75
Nana,NANA [ナナ],,2006,Drama|Romance|Comedy,8.57,75,298970,63.0,8.5,51.0,8862.0,66.67,7.7,86.0,7174.0,30.33
Natsume Yuujinchou Go,夏目友人帳 伍,,2016,Slice of Life|Supernatural|Comedy,8.56,79,83225,61.0,8.6,43.0,443.0,72.0,,,,
Natsume Yuujinchou San,夏目友人帳 参,夏目友人帐 叁,2011,Slice of Life|Supernatural|Comedy|Sci-Fi,8.56,80,126441,60.5,8.3,113.0,4385.0,25.33,8.2,43.0,8876.0,65.57
Haikyuu!! To the Top Part 2,ハイキュー TO THE TOP 第2クール,,2020,Sports,8.56,81,548281,60.0,,,,,,,,
Kaoru Hana wa Rin to Saku,薫る花は凛と咲く,,2025,Drama|Romance|Comedy,8.55,82,199621,59.5,8.3,112.0,10992.0,26.0,,,,
Steins;Gate 0,シュタインズ・ゲート ゼロ,命运石之门 0,2018,Drama|Sci-Fi|Suspense|Mystery,8.55,83,469862,59.0,8.4,87.0,14487.0,42.67,8.2,45.0,15195.0,63.93
Yojouhan Shinwa Taikei,四畳半神話大系,四叠半神话大系,2010,Award Winning|Comedy|Mystery|Romance|Suspense|Drama,8.55,84,155923,58.5,8.4,88.0,5700.0,42.0,8.6,14.0,14763.0,89.34
[Oshi no Ko],【推しの子】,【我推的孩子】,2023,Award Winning|Drama|Fantasy,8.54,89,607060,56.0,8.2,124.0,14980.0,18.0,7.4,108.0,19932.0,12.3
Chiikawa,ちいかわ,,2022,Slice of Life|Action|Comedy,8.54,88,5420,56.5,8.3,109.0,97266.0,28.0,,,,
Shouwa Genroku Rakugo Shinjuu,昭和元禄落語心中,,2016,Drama|Comedy,8.54,85,99298,58.0,8.3,106.0,1625.0,30.0,,,,
Shingeki no Kyojin Season 2,進撃の巨人 Season2,进击的巨人 第二季,2017,Action|Drama|Suspense|Thriller,8.54,86,2045132,57.5,7.7,142.0,22020.0,6.0,8.1,53.0,20681.0,57.38
Fate/Zero 2nd Season,フェイト/ゼロ 2ndシーズン,,2012,Action|Fantasy|Adventure|Comedy,8.54,87,752725,57.0,8.6,38.0,3697.0,75.33,,,,
Zoku Natsume Yuujinchou,続 夏目友人帳,续 夏目友人帐,2009,Slice of Life|Supernatural,8.53,90,133784,55.5,,,,,8.0,68.0,7776.0,45.08
Fruits Basket 2nd Season,フルーツバスケット 2nd season,Re：从零开始的异世界生活 第二季,2020,Drama|Romance|Supernatural|Comedy,8.53,91,299830,55.0,8.5,52.0,12983.0,66.0,7.4,110.0,14497.0,10.66
Dr. Stone: Science Future Part 2,Dr.STONE SCIENCE FUTURE 第2クール,,2025,Adventure|Comedy,8.52,92,101822,54.5,,,,,,,,
[Oshi no Ko] 2nd Season,【推しの子】第2期,,2024,Drama|Fantasy,8.52,93,246525,54.0,8.2,125.0,14980.0,17.33,,,,
Bakuman. 3rd Season,バクマン。,爆漫王。2,2012,Comedy|Drama|Romance|Action|Adventure,8.52,94,202931,53.5,8.4,91.0,4032.0,40.0,8.1,52.0,5227.0,58.2
Samurai Champloo,サムライチャンプルー,混沌武士,2004,Action|Adventure|Comedy,8.52,95,682091,53.0,8.5,64.0,62899.0,58.0,8.5,17.0,10694.0,86.89
Fate/strange Fake,Fate/strange Fake,,2026,Action|Fantasy|Adventure,8.51,96,17816,52.5,8.3,114.0,1110.0,24.67,,,,
Gintama. Porori-hen,銀魂。ポロリ編,,2017,Action|Comedy|Sci-Fi|Adventure|Drama,8.51,97,111950,52.0,8.4,74.0,19.0,51.33,,,,
Koukaku Kidoutai: Stand Alone Complex 2nd GIG,攻殻機動隊 S.A.C. 2nd GIG,攻壳机动队 S.A.C. 2nd GIG,2004,Mystery|Sci-Fi|Action|Crime,8.51,98,108957,51.5,8.5,55.0,22272.0,64.0,9.2,2.0,9614.0,99.18
Jujutsu Kaisen,呪術廻戦,,2020,Action|Award Winning|Supernatural|Adventure,8.51,99,1964905,51.0,8.5,56.0,189010.0,63.33,,,,
Grand Blue Season 2,ぐらんぶる Season 2,碧蓝之海 第二季,2025,Comedy|Action|Adventure,8.5,103,81731,49.0,8.3,118.0,51454.0,22.0,7.3,115.0,7937.0,6.56
Yuru Camp△ Season 2,ゆるキャン△ SEASON2,摇曳露营△ 第二季,2021,Slice of Life|Action|Adventure,8.5,102,112351,49.5,8.5,57.0,189010.0,62.67,8.3,31.0,11784.0,75.41
Sora yori mo Tooi Basho,宇宙よりも遠い場所,比宇宙更远的地方,2018,Adventure|Comedy|Drama|Action,8.5,101,234885,50.0,8.5,58.0,64638.0,62.0,8.2,41.0,15121.0,67.21
JoJo no Kimyou na Bouken Part 4: Diamond wa Kudakenai,ジョジョの奇妙な冒険 ダイヤモンドは砕けない,JOJO的奇妙冒险 不灭钻石,2016,Action|Adventure|Crime|Drama,8.5,100,864640,50.5,8.4,80.0,72747.0,47.33,7.8,74.0,14711.0,40.16
Mob Psycho 100,モブサイコ100,灵能百分百,2016,Action|Comedy|Supernatural,8.49,104,1407795,48.5,8.5,59.0,64638.0,61.33,7.8,77.0,16231.0,37.7
Uchuu Kyoudai,宇宙兄弟,,2012,Comedy,8.48,105,55797,48.0,,,,,,,,
One Punch Man,ワンパンマン,一拳超人,2015,Action|Comedy,8.48,107,2405300,47.0,8.6,40.0,221886.0,74.0,8.0,61.0,20827.0,50.82
Ousama Ranking,王様ランキング,,2021,Adventure|Fantasy|Action,8.48,106,394688,47.5,8.4,75.0,15460.0,50.67,,,,
Yakusoku no Neverland,約束のネバーランド,约定的梦幻岛,2019,Mystery|Suspense|Action|Adventure,8.47,108,1388005,46.5,8.1,133.0,57146.0,12.0,7.6,91.0,11760.0,26.23
Ansatsu Kyoushitsu 2nd Season,暗殺教室　第２期,暗杀教室 第二季,2016,Action|Comedy,8.47,109,966204,46.0,7.9,140.0,27380.0,7.33,7.7,88.0,7754.0,28.69
Aria the Origination,ARIA The ORIGINATION,,2008,Sci-Fi|Slice of Life|Adventure|Drama,8.47,110,34660,45.5,8.4,73.0,19.0,52.0,,,,
Nichijou,日常,日常,2011,Comedy,8.47,111,398809,45.0,,,,,8.5,15.0,24489.0,88.52
Rainbow: Nisha Rokubou no Shichinin,RAINBOW 二舎六房の七人,,2010,Drama|Suspense|Comedy,8.46,112,166428,44.5,8.4,72.0,5700.0,52.67,,,,
Summertime Render,サマータイムレンダ,夏日重现,2022,Mystery|Supernatural|Suspense|Short|Action,8.46,113,285824,44.0,8.3,110.0,1970.0,27.33,7.5,102.0,19191.0,17.21
Owarimonogatari,終物語,终物语,2015,Comedy|Mystery|Supernatural|Fantasy,8.45,117,250332,42.0,8.4,76.0,2552.0,50.0,7.8,76.0,8407.0,38.52
Banana Fish,BANANA FISH,动物狂想曲,2018,Action|Adventure|Drama|Suspense,8.45,116,411008,42.5,,,,,7.3,118.0,8800.0,4.1
Grand Blue,ぐらんぶる,碧蓝之海,2018,Comedy,8.45,114,477928,43.5,,,,,7.9,73.0,16882.0,40.98
Chihayafuru 3,ちはやふる 3,,2019,Drama|Romance|Sports|Action,8.45,115,70449,43.0,8.7,27.0,101016.0,82.67,,,,
JoJo no Kimyou na Bouken Part 3: Stardust Crusaders - Egypt-hen,ジョジョの奇妙な冒険 スターダストクルセイダース エジプト編,JOJO的奇妙冒险 星尘斗士 埃及篇,2015,Action|Adventure,8.44,118,872765,41.5,,,,,8.2,40.0,17051.0,68.03
Medalist 2nd Season,メダリスト 第2期,金牌得主,2026,Drama|Sports,8.43,119,3835,41.0,,,,,8.0,62.0,12204.0,50.0
Dandadan,ダンダダン,胆大党,2024,Action|Comedy|Supernatural|Adventure,8.43,120,569276,40.5,8.3,108.0,51454.0,28.67,7.5,105.0,15364.0,14.75
Re:Zero kara Hajimeru Isekai Seikatsu 3rd Season,Re:ゼロから始める異世界生活 3rd season,Re：从零开始的异世界生活 第三季 袭击篇,2024,Drama|Fantasy|Suspense,8.43,121,215887,40.0,,,,,7.2,121.0,7375.0,1.64
Zoku Owarimonogatari,続・終物語,终物语（下）,2019,Comedy|Mystery|Supernatural|Action|Adventure,8.43,122,120611,39.5,7.7,144.0,22844.0,4.67,8.1,50.0,7615.0,59.84
Chainsaw Man,チェンソーマン,,2022,Action|Fantasy|Comedy,8.43,123,1113906,39.0,8.3,117.0,97277.0,22.67,,,,
Spy x Family,SPY×FAMILY,间谍过家家,2022,Action|Award Winning|Comedy,8.43,124,1146172,38.5,8.2,130.0,59800.0,14.0,7.2,122.0,22191.0,0.82
Haikyuu!!,ハイキュー!!,排球少年,2014,Sports|Comedy|Drama,8.43,125,1336768,38.0,8.7,24.0,51821.0,84.67,8.1,55.0,8987.0,55.74
Golden Kamuy 3rd Season,ゴールデンカムイ,,2020,Action|Adventure,8.43,126,97482,37.5,8.0,138.0,3473.0,8.67,,,,
Dandadan 2nd Season,ダンダダン 第2期,,2025,Action|Comedy|Supernatural|Adventure,8.42,131,269586,35.0,8.3,96.0,51454.0,36.67,,,,
Re:Zero kara Hajimeru Isekai Seikatsu 2nd Season Part 2,Re：ゼロから始める異世界生活 2 part 2,Re：从零开始的异世界生活 第二季 后半部分,2021,Drama|Fantasy|Suspense|Adventure,8.42,130,624424,35.5,8.6,39.0,2655.0,74.67,7.6,90.0,12406.0,27.05
Kono Oto Tomare! Part 2,この音とまれ！,,2019,Drama,8.42,129,106805,36.0,,,,,,,,
Koukaku Kidoutai: Stand Alone Complex,攻殻機動隊 STAND ALONE COMPLEX,攻壳机动队 STAND ALONE COMPLEX,2002,Award Winning|Mystery|Sci-Fi|Action|Crime,8.42,128,171837,36.5,8.5,63.0,22272.0,58.67,9.1,3.0,10994.0,98.36
Bungou Stray Dogs 4th Season,文豪ストレイドッグス,,2023,Action|Mystery,8.42,127,146170,37.0,,,,,,,,
Saiki Kusuo no Ψ-nan,斉木楠雄のΨ難,齐木楠雄的灾难,2016,Comedy|Adventure,8.41,132,692078,34.5,8.9,10.0,1957.0,94.0,7.7,84.0,15320.0,31.97
Saiki Kusuo no Ψ-nan 2,斉木楠雄のΨ難 2,齐木楠雄的灾难 第二季,2018,Comedy|Action|Adventure,8.41,133,427137,34.0,8.1,135.0,57146.0,10.67,7.7,82.0,10885.0,33.61
Mononoke,モノノ怪,,2007,Horror|Mystery|Supernatural|Suspense,8.41,134,105161,33.5,,,,,,,,
Kimetsu no Yaiba,鬼滅の刃,鬼灭之刃,2019,Action|Award Winning|Supernatural|Adventure,8.41,135,2338985,33.0,8.6,44.0,219083.0,71.33,7.3,112.0,20621.0,9.02
Kaguya-sama wa Kokurasetai: Tensai-tachi no Renai Zunousen,かぐや様は告らせたい～天才たちの恋愛頭脳戦～,辉夜大小姐想让我告白～天才们的恋爱头脑战～,2019,Comedy|Romance|Drama,8.4,136,1202016,32.5,8.5,61.0,28175.0,60.0,7.8,79.0,26239.0,36.07
Mushoku Tensei II: Isekai Ittara Honki Dasu Part 2,無職転生 II ～異世界行ったら本気だす～ (第2クール),无职转生 第二季 ～到了异世界就拿出真本事～ 第2部分,2024,Adventure|Drama|Fantasy|Ecchi|Action,8.39,137,319794,32.0,8.2,128.0,35340.0,15.33,7.6,97.0,13170.0,21.31
Houseki no Kuni,宝石の国,宝石之国,2017,Action|Drama|Fantasy|Mystery|Adventure,8.39,138,218099,31.5,8.4,78.0,15460.0,48.67,7.6,95.0,11288.0,22.95
Major S5,メジャー,,2009,Sports,8.39,139,43731,31.0,,,,,,,,
Kaze ga Tsuyoku Fuiteiru,風が強く吹いている,强风吹拂,2018,Drama|Sports|Comedy|Sport,8.38,142,150388,29.5,8.3,101.0,2309.0,33.33,8.4,23.0,10087.0,81.97
Vivy: Fluorite Eye's Song,Vivy -Fluorite Eye's Song- (ヴィヴィ -フローライトアイズソング-),,2021,Action|Sci-Fi|Suspense|Drama|Fantasy,8.38,141,270415,30.0,8.4,77.0,39704.0,49.33,,,,
Mahou Shoujo Madoka★Magica,魔法少女まどか★マギカ,魔法少女小圆,2011,Award Winning|Drama|Suspense|Action|Adventure,8.38,140,811170,30.5,8.2,126.0,13708.0,16.67,8.6,13.0,36914.0,90.16
Medalist,メダリスト,,2025,Drama|Sports,8.37,143,35797,29.0,,,,,,,,
3-gatsu no Lion,3月のライオン,3月的狮子,2016,Drama|Action|Adventure,8.37,144,299371,28.5,7.7,143.0,45351.0,5.33,8.3,33.0,10678.0,73.77
Haikyuu!! To the Top,ハイキュー!! TO THE TOP,,2020,Sports,8.37,145,642206,28.0,,,,,,,,
Chihayafuru 2,ちはやふる 2,歌牌情缘,2013,Drama|Romance|Sports,8.37,146,137812,27.5,,,,,8.0,60.0,5221.0,51.64
Girls Band Cry,ガールズバンドクライ,GIRLS BAND CRY,2024,Drama|Action|Adventure,8.36,147,52856,27.0,7.4,149.0,28111.0,1.33,7.6,98.0,23041.0,20.49
Cross Game,クロスゲーム,,2009,Drama|Romance|Sports|Comedy,8.36,148,53541,26.5,8.8,15.0,90568.0,90.67,,,,
Karakai Jouzu no Takagi-san 3,からかい上手の高木さん3,擅长捉弄的高木同学 第三季,2022,Comedy|Romance,8.36,149,95501,26.0,,,,,8.0,57.0,7814.0,54.1
Barakamon,ばらかもん,,2014,Slice of Life|Comedy|Fantasy,8.36,150,360406,25.5,8.4,82.0,2552.0,46.0,,,,
Golden Kamuy: Saishuushou,ゴールデンカムイ 最終章,,2026,Action|Adventure,8.35,155,3857,23.0,,,,,,,,
Yahari Ore no Seishun Love Comedy wa Machigatteiru. Kan,やはり俺の青春ラブコメはまちがっている。完,,2020,Comedy|Romance,8.35,153,452318,24.0,,,,,,,,
Non Non Biyori Nonstop,のんのんびより のんすとっぷ,悠哉日常大王 Nonstop,2021,Slice of Life,8.35,154,53589,23.5,,,,,8.2,37.0,6019.0,70.49
Fumetsu no Anata e,不滅のあなたへ,,2021,Adventure|Drama|Supernatural,8.35,152,420229,24.5,8.3,95.0,12515.0,37.33,,,,
Baccano!,バッカーノ！,永生之酒,2007,Action|Mystery|Supernatural|Adventure,8.35,151,397749,25.0,8.2,120.0,89694.0,20.67,8.2,39.0,11306.0,68.85
Yofukashi no Uta Season 2,よふかしのうた Season2,更衣人偶坠入爱河 第二季,2025,Romance|Supernatural|Action|Adventure,8.34,156,84384,22.5,8.0,136.0,11323.0,10.0,7.7,80.0,8085.0,35.25
Hibike! Euphonium 2,響け！ユーフォニアム2,吹响吧！上低音号 第二季,2016,Drama,8.34,162,135381,19.5,,,,,8.5,16.0,17153.0,87.7
86,86―エイティシックス―,86 -不存在的战区- 第2部分,2021,Drama|Sci-Fi|Action,8.34,157,499740,22.0,8.2,121.0,14019.0,20.0,8.0,66.0,14565.0,46.72
IDOLiSH7 Third Beat! Part 2,アイドリッシュセブン,,2022,Drama,8.34,158,6059,21.5,,,,,,,,
Kono Subarashii Sekai ni Shukufuku wo! 3,この素晴らしい世界に祝福を！3,为美好的世界献上祝福！第三季,2024,Adventure|Comedy|Fantasy,8.34,159,232591,21.0,,,,,7.7,81.0,12546.0,34.43
Kimetsu no Yaiba: Mugen Ressha-hen,鬼滅の刃 無限列車編,鬼灭之刃 无限列车篇,2021,Action|Supernatural|Adventure,8.34,160,582158,20.5,8.6,41.0,219083.0,73.33,7.3,114.0,9629.0,7.38
Tensei shitara Slime Datta Ken 2nd Season,転生したらスライムだった件,无职转生～到了异世界就拿出真本事～,2021,Action|Comedy|Fantasy|Crime|Drama,8.34,161,638525,20.0,8.5,62.0,6972.0,59.33,7.9,70.0,24558.0,43.44
Psycho-Pass,サイコパス,心理测量者,2012,Action|Mystery|Sci-Fi|Suspense,8.33,163,827190,19.0,,,,,7.9,71.0,14200.0,42.62
Mushoku Tensei: Isekai Ittara Honki Dasu,無職転生 ～異世界行ったら本気だす～,无职转生 第二季 ～到了异世界就拿出真本事～,2021,Adventure|Drama|Fantasy|Ecchi,8.33,164,958647,18.5,8.6,46.0,2655.0,70.0,7.3,111.0,15106.0,9.84
Bakuman. 2nd Season,バクマン。2ndシーズン,爆漫王。,2011,Comedy|Drama|Romance,8.33,165,221430,18.0,,,,,8.0,69.0,6919.0,44.26
Fate/stay night: Unlimited Blade Works 2nd Season,Fate/stay night [Unlimited Blade Works] 2nd シーズン,Fate/stay night [Unlimited Blade Works] 第二季,2015,Action|Fantasy,8.32,171,601607,15.0,,,,,7.5,107.0,17836.0,13.11
One Outs,ワンナウツ,,2008,Sports|Suspense|Action|Adventure,8.32,169,122538,16.0,9.1,4.0,243125.0,98.0,,,,
Re:Zero kara Hajimeru Isekai Seikatsu 2nd Season,Re：ゼロから始める異世界生活 2,Re：从零开始的异世界生活 新编集版,2020,Drama|Fantasy|Suspense,8.32,170,745723,15.5,,,,,7.6,100.0,7035.0,18.85
Bakemonogatari,化物語,化物语,2009,Mystery|Romance|Supernatural|Short|Comedy,8.32,166,768221,17.5,8.3,103.0,76.0,32.0,8.4,25.0,23898.0,80.33
Kiseijuu: Sei no Kakuritsu,寄生獣 セイの格率,寄生兽 生命的准则,2014,Action|Horror|Sci-Fi|Suspense|Drama,8.32,168,1244211,16.5,8.2,132.0,61388.0,12.67,8.0,63.0,15874.0,49.18
Usagi Drop,うさぎドロップ,白兔糖,2011,Slice of Life,8.32,167,254514,17.0,,,,,8.0,64.0,8465.0,48.36
Major S6,メジャー 第6シリーズ,,2010,Sports,8.31,172,38918,14.5,,,,,,,,
Uma Musume: Pretty Derby Season 2,ウマ娘 プリティーダービー Season 2,赛马娘 Pretty Derby 第二季,2021,Sports,8.31,173,55850,14.0,,,,,8.4,22.0,17016.0,82.79
NHK ni Youkoso!,N・H・Kにようこそ！,欢迎加入NHK！,2006,Comedy|Drama|Romance,8.31,174,368894,13.5,,,,,8.2,47.0,8495.0,62.3
Dr. Stone: New World Part 2,Dr.STONE NEW WORLD,,2023,Adventure|Comedy,8.3,180,224315,10.5,,,,,,,,
Ookami to Koushinryou II,狼と香辛料II,狼与香辛料 第二季,2009,Adventure|Drama|Romance|Supernatural|Action,8.3,179,288790,11.0,8.7,31.0,217267.0,80.0,7.8,75.0,8194.0,39.34
Natsume Yuujinchou,夏目友人帳,夏目友人帐,2008,Slice of Life|Supernatural,8.3,178,198939,11.5,,,,,8.0,67.0,11593.0,45.9
Diamond no Ace: Second Season,ダイヤのA[エース]～Second Season～,,2015,Sports,8.3,175,82375,13.0,,,,,,,,
Initial D Final Stage,頭文字 D Final Stage,,2014,Action|Drama|Sport,8.3,177,84699,12.0,8.4,84.0,1203.0,44.67,,,,
Boku dake ga Inai Machi,僕だけがいない街,只有我不存在的城市,2016,Mystery|Suspense|Crime|Drama,8.3,176,1468551,12.5,8.4,85.0,72748.0,44.0,7.6,93.0,13684.0,24.59
Kingdom 2nd Season,キングダム 第2シリーズ,,2013,Action|Drama,8.29,191,73783,5.0,8.8,21.0,6196.0,86.67,,,,
Kemono no Souja Erin,獣の奏者エリン,东之伊甸,2009,Drama|Fantasy|Short|Comedy,8.29,190,22820,5.5,8.3,94.0,76.0,38.0,7.5,104.0,5146.0,15.57
Kuroko no Basket 3rd Season,黒子のバスケ,,2015,Sports,8.29,189,509634,6.0,,,,,,,,
Katanagatari,刀語,,2010,Action|Adventure|Romance|Comedy|Drama,8.29,188,223109,6.5,8.8,18.0,90568.0,88.67,,,,
Sakamichi no Apollon,坂道のアポロン,,2012,Drama|Romance|Action|Adventure,8.29,187,181899,7.0,9.1,3.0,691912.0,98.67,,,,
Given,ギヴン,,2019,Boys Love|Drama,8.29,181,344275,10.0,,,,,,,,
Tensei shitara Slime Datta Ken 2nd Season Part 2,転生したらスライムだった件,,2021,Action|Comedy|Fantasy,8.29,185,519728,8.0,,,,,,,,
Beck,ベック,,2004,Drama|Action|Adventure,8.29,184,150239,8.5,8.2,129.0,89694.0,14.67,,,,
Ano Hi Mita Hana no Namae wo Bokutachi wa Mada Shiranai.,あの日見た花の名前を僕達はまだ知らない。,我们仍未知道那天所看见的花的名字。,2011,Drama|Supernatural|Action|Adventure,8.29,183,1030743,9.0,8.2,122.0,13708.0,19.33,7.6,94.0,26280.0,23.77
Naruto: Shippuuden,-ナルト- 疾風伝,火影忍者疾风传,2007,Action|Adventure|Fantasy,8.29,186,1807051,7.5,8.7,32.0,217277.0,79.33,7.6,96.0,7626.0,22.13
Yuukoku no Moriarty Part 2,憂国のモリアーティ,,2021,Mystery|Suspense|Adventure|Drama,8.29,182,136080,9.5,8.3,105.0,12515.0,30.67,,,,
Diamond no Ace: Act II,ダイヤのA[エース] actII,,2019,Sports|Comedy|Sport,8.28,192,50559,4.5,8.3,98.0,411.0,35.33,,,,
Kino no Tabi: The Beautiful World,キノの旅 -the Beautiful World-,奇诺之旅,2003,Adventure|Drama|Fantasy,8.28,193,105388,4.0,8.3,99.0,3655.0,34.67,8.1,51.0,5161.0,59.02
Gin no Saji 2nd Season,銀の匙,,2014,Comedy|Action|Adventure,8.27,194,94371,3.5,9.1,2.0,691912.0,99.33,,,,
"Shangri-La Frontier: Kusoge Hunter, Kamige ni Idoman to su 2nd Season",シャングリラ・フロンティア～クソゲーハンター、神ゲーに挑まんとす～ 2nd season,,2024,Action|Adventure|Fantasy,8.26,195,126114,3.0,,,,,,,,
Kage no Jitsuryokusha ni Naritakute! 2nd Season,陰の実力者になりたくて！ 2nd Season,想要成为影之实力者！ 第二季,2023,Action|Comedy|Fantasy|Adventure,8.26,196,291326,2.5,7.7,145.0,13938.0,4.0,7.3,117.0,9706.0,4.92
Space☆Dandy 2nd Season,スペース☆ダンディ 第2シリーズ,,2014,Comedy|Sci-Fi|Drama|Sport,8.26,197,95579,2.0,8.6,48.0,6003.0,68.67,,,,
Dororo,どろろ,,2019,Action|Adventure|Fantasy,8.26,198,694621,1.5,8.2,131.0,28462.0,13.33,,,,
Yuru Camp△,ゆるキャン△,摇曳露营△,2018,Slice of Life,8.26,199,238304,1.0,,,,,8.2,48.0,16659.0,61.48
Shirobako,SHIROBAKO,白箱,2014,Award Winning|Comedy|Drama|Action|Adventure,8.26,200,149146,0.5,9.1,1.0,691912.0,100.0,8.7,10.0,22358.0,92.62
